{
  "name": "Kiyo",
  "about_url": "https://meta.discourse.org/t/mint-a-modern-theme-for-discourse/202822",
  "license_url": "https://github.com/discourse/discourse-kiyo-theme/blob/main/LICENSE",
  "color_schemes": {
    "kiyo-light": {
      "primary": "454545",
      "secondary": "e6ffff",
      "tertiary": "00a4a6",
      "header_background": "ffffff",
      "header_primary": "333333",
      "selected": "e6ffff",
      "hover": "e6ffff"
    },
    "kiyo-dark": {
      "primary": "e0e0e0",
      "secondary": "2d2d2d",
      "tertiary": "00a4a6",
      "header_background": "202020",
      "header_primary": "e0e0e0",
      "highlight": "b2b235",
      "selected": "1c302b",
      "hover": "1c302b"
    }
  },
  "components": [
    "https://github.com/discourse/discourse-showcased-categories.git",
    "https://github.com/discourse/discourse-search-banner.git"
  ]
}
